{
  "epochs": 3,
  "val_accuracy": 0.45454545454545453,
  "train_loss_last_epoch": 1.7892655730247498
}