{
  "epochs": 3,
  "val_accuracy": 0.3787878787878788,
  "train_loss_last_epoch": 1.744262620806694
}