{
  "epochs": 3,
  "val_accuracy": 0.45454545454545453,
  "train_loss_last_epoch": 2.096405640244484
}