{
  "epochs": 3,
  "val_accuracy": 0.4090909090909091,
  "train_loss_last_epoch": 2.006005212664604
}