{
  "epochs": 3,
  "val_accuracy": 0.4393939393939394,
  "train_loss_last_epoch": 1.8078468963503838
}